date,time,chrome-version,chrome-interop-2024-accessibility,chrome-interop-2024-starting-style-transition-behavior,chrome-interop-2023-property,chrome-interop-2024-dsd,chrome-interop-2024-dir,chrome-interop-2024-font-size-adjust,chrome-interop-2024-websockets,chrome-interop-2024-indexeddb,chrome-interop-2024-layout,chrome-interop-2024-nesting,chrome-interop-2023-events,chrome-interop-2024-popover,chrome-interop-2024-relative-color,chrome-interop-2024-video-rvfc,chrome-interop-2024-scrollbar,chrome-interop-2024-text-wrap,chrome-interop-2023-url,chrome-interop-2021-aspect-ratio,chrome-interop-2021-position-sticky,chrome-interop-2022-cascade,chrome-interop-2022-dialog,chrome-interop-2022-text,chrome-interop-2022-viewport,chrome-interop-2022-webcompat,chrome-interop-2023-cssborderimage,chrome-interop-2023-color,chrome-interop-2023-container,chrome-interop-2023-contain,chrome-interop-2023-pseudos,chrome-interop-2023-fonts,chrome-interop-2023-forms,chrome-interop-2023-has,chrome-interop-2023-inert,chrome-interop-2023-cssmasking,chrome-interop-2023-mathfunctions,chrome-interop-2023-mediaqueries,chrome-interop-2023-modules,chrome-interop-2023-motion,chrome-interop-2023-offscreencanvas,chrome-interop-2022-scrolling,chrome-interop-2021-transforms,chrome-interop-2023-webcodecs,chrome-interop-2023-webcompat,chrome-interop-2023-webcomponents,edge-version,edge-interop-2024-accessibility,edge-interop-2024-starting-style-transition-behavior,edge-interop-2023-property,edge-interop-2024-dsd,edge-interop-2024-dir,edge-interop-2024-font-size-adjust,edge-interop-2024-websockets,edge-interop-2024-indexeddb,edge-interop-2024-layout,edge-interop-2024-nesting,edge-interop-2023-events,edge-interop-2024-popover,edge-interop-2024-relative-color,edge-interop-2024-video-rvfc,edge-interop-2024-scrollbar,edge-interop-2024-text-wrap,edge-interop-2023-url,edge-interop-2021-aspect-ratio,edge-interop-2021-position-sticky,edge-interop-2022-cascade,edge-interop-2022-dialog,edge-interop-2022-text,edge-interop-2022-viewport,edge-interop-2022-webcompat,edge-interop-2023-cssborderimage,edge-interop-2023-color,edge-interop-2023-container,edge-interop-2023-contain,edge-interop-2023-pseudos,edge-interop-2023-fonts,edge-interop-2023-forms,edge-interop-2023-has,edge-interop-2023-inert,edge-interop-2023-cssmasking,edge-interop-2023-mathfunctions,edge-interop-2023-mediaqueries,edge-interop-2023-modules,edge-interop-2023-motion,edge-interop-2023-offscreencanvas,edge-interop-2022-scrolling,edge-interop-2021-transforms,edge-interop-2023-webcodecs,edge-interop-2023-webcompat,edge-interop-2023-webcomponents,firefox-version,firefox-interop-2024-accessibility,firefox-interop-2024-starting-style-transition-behavior,firefox-interop-2023-property,firefox-interop-2024-dsd,firefox-interop-2024-dir,firefox-interop-2024-font-size-adjust,firefox-interop-2024-websockets,firefox-interop-2024-indexeddb,firefox-interop-2024-layout,firefox-interop-2024-nesting,firefox-interop-2023-events,firefox-interop-2024-popover,firefox-interop-2024-relative-color,firefox-interop-2024-video-rvfc,firefox-interop-2024-scrollbar,firefox-interop-2024-text-wrap,firefox-interop-2023-url,firefox-interop-2021-aspect-ratio,firefox-interop-2021-position-sticky,firefox-interop-2022-cascade,firefox-interop-2022-dialog,firefox-interop-2022-text,firefox-interop-2022-viewport,firefox-interop-2022-webcompat,firefox-interop-2023-cssborderimage,firefox-interop-2023-color,firefox-interop-2023-container,firefox-interop-2023-contain,firefox-interop-2023-pseudos,firefox-interop-2023-fonts,firefox-interop-2023-forms,firefox-interop-2023-has,firefox-interop-2023-inert,firefox-interop-2023-cssmasking,firefox-interop-2023-mathfunctions,firefox-interop-2023-mediaqueries,firefox-interop-2023-modules,firefox-interop-2023-motion,firefox-interop-2023-offscreencanvas,firefox-interop-2022-scrolling,firefox-interop-2021-transforms,firefox-interop-2023-webcodecs,firefox-interop-2023-webcompat,firefox-interop-2023-webcomponents,safari-version,safari-interop-2024-accessibility,safari-interop-2024-starting-style-transition-behavior,safari-interop-2023-property,safari-interop-2024-dsd,safari-interop-2024-dir,safari-interop-2024-font-size-adjust,safari-interop-2024-websockets,safari-interop-2024-indexeddb,safari-interop-2024-layout,safari-interop-2024-nesting,safari-interop-2023-events,safari-interop-2024-popover,safari-interop-2024-relative-color,safari-interop-2024-video-rvfc,safari-interop-2024-scrollbar,safari-interop-2024-text-wrap,safari-interop-2023-url,safari-interop-2021-aspect-ratio,safari-interop-2021-position-sticky,safari-interop-2022-cascade,safari-interop-2022-dialog,safari-interop-2022-text,safari-interop-2022-viewport,safari-interop-2022-webcompat,safari-interop-2023-cssborderimage,safari-interop-2023-color,safari-interop-2023-container,safari-interop-2023-contain,safari-interop-2023-pseudos,safari-interop-2023-fonts,safari-interop-2023-forms,safari-interop-2023-has,safari-interop-2023-inert,safari-interop-2023-cssmasking,safari-interop-2023-mathfunctions,safari-interop-2023-mediaqueries,safari-interop-2023-modules,safari-interop-2023-motion,safari-interop-2023-offscreencanvas,safari-interop-2022-scrolling,safari-interop-2021-transforms,safari-interop-2023-webcodecs,safari-interop-2023-webcompat,safari-interop-2023-webcomponents,interop-version,interop-interop-2024-accessibility,interop-interop-2024-starting-style-transition-behavior,interop-interop-2023-property,interop-interop-2024-dsd,interop-interop-2024-dir,interop-interop-2024-font-size-adjust,interop-interop-2024-websockets,interop-interop-2024-indexeddb,interop-interop-2024-layout,interop-interop-2024-nesting,interop-interop-2023-events,interop-interop-2024-popover,interop-interop-2024-relative-color,interop-interop-2024-video-rvfc,interop-interop-2024-scrollbar,interop-interop-2024-text-wrap,interop-interop-2023-url,interop-interop-2021-aspect-ratio,interop-interop-2021-position-sticky,interop-interop-2022-cascade,interop-interop-2022-dialog,interop-interop-2022-text,interop-interop-2022-viewport,interop-interop-2022-webcompat,interop-interop-2023-cssborderimage,interop-interop-2023-color,interop-interop-2023-container,interop-interop-2023-contain,interop-interop-2023-pseudos,interop-interop-2023-fonts,interop-interop-2023-forms,interop-interop-2023-has,interop-interop-2023-inert,interop-interop-2023-cssmasking,interop-interop-2023-mathfunctions,interop-interop-2023-mediaqueries,interop-interop-2023-modules,interop-interop-2023-motion,interop-interop-2023-offscreencanvas,interop-interop-2022-scrolling,interop-interop-2021-transforms,interop-interop-2023-webcodecs,interop-interop-2023-webcompat,interop-interop-2023-webcomponents
2024-01-01,2024-01-22T16:57:08,120.0.6099.129,847,921,1000,777,997,362,214,997,996,753,821,944,197,750,795,589,868,987,1000,999,982,1000,1000,974,1000,990,1000,991,992,1000,958,1000,1000,983,888,1000,993,1000,998,989,998,996,996,960,120.0.2210.91,847,921,1000,777,997,242,214,997,988,753,821,944,197,625,713,589,858,987,928,999,960,1000,1000,831,1000,990,1000,949,981,1000,953,973,1000,949,888,1000,992,1000,996,952,995,988,985,960,121.0,823,183,76,491,833,1000,285,963,952,959,801,220,50,83,1000,589,881,993,916,970,942,988,1000,1000,973,954,933,823,979,1000,1000,1000,1000,981,998,1000,1000,516,997,980,986,13,995,986,17.2.1 (18617.1.17.11.12),868,183,998,778,919,1000,1000,968,915,763,857,930,127,625,563,470,997,1000,1000,1000,974,999,1000,1000,1000,984,953,823,997,1000,859,1000,1000,895,954,1000,993,992,972,970,976,978,1000,1000,-,759,183,76,491,830,242,214,941,876,716,623,220,50,83,563,411,845,980,845,970,878,988,1000,831,973,943,912,765,968,1000,855,973,1000,865,846,1000,992,511,968,922,963,13,980,958
2024-01-02,2024-01-22T16:57:08,120.0.6099.129,847,921,1000,777,997,362,214,990,996,753,821,944,197,750,795,589,868,987,1000,999,982,1000,1000,974,1000,990,1000,991,992,1000,958,1000,1000,983,888,1000,961,1000,998,989,998,996,996,960,120.0.2210.91,847,921,1000,777,997,242,214,997,988,753,750,944,197,750,713,589,858,987,928,999,960,1000,1000,831,1000,990,1000,949,981,1000,953,973,1000,949,888,1000,989,1000,995,952,995,988,985,960,121.0,823,183,76,491,833,1000,285,966,952,959,801,220,50,83,1000,589,881,993,916,970,942,988,1000,1000,973,954,933,823,979,1000,1000,1000,1000,981,998,1000,1000,516,997,980,986,13,995,986,17.2.1 (18617.1.17.11.12),868,183,998,778,919,1000,1000,968,915,763,857,930,127,500,563,470,997,1000,1000,1000,974,999,1000,1000,1000,984,953,823,997,1000,859,1000,1000,895,954,1000,993,992,972,970,976,963,1000,1000,-,759,183,76,491,830,242,214,934,877,716,569,220,50,83,563,411,845,980,845,970,878,988,1000,831,973,943,912,765,968,1000,855,973,1000,865,846,1000,958,511,966,922,963,13,980,947
2024-01-03,2024-01-22T16:57:08,120.0.6099.129,847,921,1000,777,997,362,214,997,996,753,821,944,197,750,795,589,868,987,1000,999,982,1000,1000,974,1000,990,1000,991,992,1000,958,1000,1000,980,888,1000,961,1000,998,989,998,996,996,960,120.0.2210.91,847,921,1000,777,997,242,214,997,989,753,821,944,197,750,713,589,858,987,904,999,960,1000,1000,831,1000,990,1000,949,981,1000,949,973,1000,946,888,1000,989,1000,996,952,995,988,973,960,121.0,823,183,76,491,833,1000,285,966,952,959,801,220,50,83,1000,589,881,993,916,970,942,988,1000,1000,973,954,933,823,979,1000,1000,1000,1000,981,998,1000,1000,516,997,980,986,13,995,986,17.2.1 (18617.1.17.11.12),868,183,998,778,919,1000,1000,968,915,763,857,930,127,500,563,470,997,1000,1000,1000,974,999,1000,1000,1000,984,953,823,997,1000,859,1000,1000,895,954,1000,993,992,972,970,976,968,1000,1000,-,759,183,76,491,830,242,214,941,877,716,623,220,50,83,563,411,845,980,821,970,878,988,1000,831,973,943,912,765,968,1000,851,973,1000,864,846,1000,958,511,968,922,963,13,969,947
2024-01-04,2024-01-22T16:57:08,120.0.6099.199,847,921,1000,777,997,362,214,997,996,753,821,944,197,750,795,589,868,987,1000,999,982,1000,1000,974,1000,990,1000,991,992,1000,958,1000,1000,980,888,1000,961,1000,998,989,998,996,996,960,120.0.2210.91,847,921,1000,777,997,242,214,997,988,753,821,944,197,625,713,589,826,987,928,999,960,1000,1000,831,1000,990,1000,949,981,1000,949,973,1000,946,888,1000,989,1000,995,952,995,988,985,960,121.0,823,183,76,491,833,1000,285,966,952,959,801,220,50,83,1000,589,881,993,916,970,942,988,1000,1000,973,954,933,823,979,1000,1000,1000,1000,981,998,1000,1000,516,997,980,986,13,995,986,17.2.1 (18617.1.17.11.12),868,183,998,778,919,1000,1000,968,915,763,857,930,127,500,563,470,997,1000,1000,1000,974,999,1000,1000,1000,984,953,823,997,1000,859,1000,1000,895,954,1000,993,992,972,980,976,968,1000,1000,-,759,183,76,491,830,242,214,941,877,716,623,220,50,83,563,411,813,980,845,970,878,988,1000,831,973,943,912,765,968,1000,851,973,1000,864,846,1000,958,511,967,922,963,13,980,947
2024-01-05,2024-01-22T16:57:08,120.0.6099.199,847,921,1000,777,997,362,214,997,996,753,821,944,197,750,795,589,868,987,1000,999,982,1000,1000,974,1000,990,1000,991,992,1000,958,1000,1000,980,888,1000,972,1000,998,989,998,996,996,960,120.0.2210.91,847,921,1000,777,997,242,214,997,989,753,821,944,197,750,713,589,858,987,928,999,960,1000,1000,831,1000,990,1000,949,981,1000,953,973,1000,946,888,1000,989,1000,997,952,995,986,973,960,121.0,823,183,76,491,833,1000,285,966,952,959,801,220,50,83,1000,589,881,993,916,970,942,988,1000,1000,973,954,933,823,979,1000,1000,1000,1000,981,998,1000,1000,516,997,980,986,13,995,986,17.2.1 (18617.1.17.11.12),868,183,998,778,919,1000,1000,968,914,763,857,930,127,500,563,470,997,1000,1000,1000,974,999,1000,1000,1000,984,953,823,997,1000,859,1000,1000,895,954,1000,993,992,972,970,976,973,1000,1000,-,759,183,76,491,830,242,214,941,877,716,623,220,50,83,563,411,845,980,845,970,878,988,1000,831,973,943,912,765,968,1000,855,973,1000,864,846,1000,969,511,968,922,963,13,969,947
2024-01-06,2024-01-22T16:57:08,120.0.6099.199,847,921,1000,777,997,362,214,997,996,753,821,944,197,750,795,589,868,987,1000,999,982,1000,1000,974,1000,990,1000,993,992,1000,958,1000,1000,980,888,1000,993,1000,998,989,998,996,996,960,120.0.2210.121,847,921,1000,777,997,242,214,997,987,753,821,944,197,750,713,589,858,987,928,999,960,1000,1000,831,1000,990,1000,949,981,1000,953,973,1000,946,888,1000,989,1000,996,952,995,980,985,949,121.0,823,183,76,491,833,1000,285,966,952,959,801,220,50,83,1000,589,881,993,916,970,954,988,1000,1000,973,954,933,823,979,1000,1000,1000,1000,981,998,1000,1000,516,997,980,986,13,995,986,17.2.1 (18617.1.17.11.12),868,183,998,778,919,1000,1000,968,915,763,857,930,127,625,563,470,997,1000,1000,1000,974,999,1000,1000,1000,984,953,823,997,1000,859,1000,1000,895,954,1000,993,992,972,970,976,973,1000,1000,-,759,183,76,491,830,242,214,941,875,716,623,220,50,83,563,411,845,980,845,970,889,988,1000,831,973,943,912,765,968,1000,855,973,1000,864,846,1000,989,511,968,912,963,13,980,935
2024-01-07,2024-01-22T16:57:08,120.0.6099.199,847,921,1000,777,997,362,214,997,996,753,821,944,197,750,795,589,868,987,1000,999,982,1000,1000,974,1000,990,1000,993,992,1000,958,1000,1000,980,888,1000,982,1000,998,989,998,996,996,960,120.0.2210.121,847,921,1000,777,997,242,214,997,988,753,821,944,197,750,713,589,858,987,928,999,960,1000,1000,831,1000,990,1000,949,981,1000,953,973,1000,946,888,1000,989,1000,996,952,995,988,985,960,121.0,823,183,76,491,833,1000,285,966,952,959,801,220,50,83,1000,589,881,993,916,970,942,988,1000,1000,973,954,933,823,979,1000,1000,1000,1000,981,998,1000,1000,516,997,980,986,13,995,986,17.2.1 (18617.1.17.11.12),868,183,999,778,919,1000,1000,968,915,763,857,930,127,625,563,470,997,1000,1000,1000,974,999,1000,1000,1000,984,953,823,997,1000,859,1000,1000,895,954,1000,993,992,972,970,976,973,1000,1000,-,759,183,76,491,830,242,214,941,876,716,623,220,50,83,563,411,845,980,845,970,878,988,1000,831,973,943,912,765,968,1000,855,973,1000,864,846,1000,979,511,968,922,963,13,980,947
2024-01-11,2024-01-22T16:57:08,120.0.6099.216,847,921,1000,777,997,362,214,993,996,753,821,944,194,750,795,589,868,987,1000,999,982,1000,1000,974,1000,990,1000,993,992,1000,958,1000,1000,980,888,1000,986,1000,998,989,998,996,996,949,120.0.2210.121,847,921,1000,777,997,242,214,997,989,753,821,944,194,750,713,589,858,987,928,999,960,1000,1000,831,1000,990,1000,949,981,1000,949,973,1000,946,888,1000,969,1000,995,952,995,988,973,960,121.0.1,823,183,76,491,836,1000,285,966,952,959,801,220,50,83,1000,589,881,993,916,970,942,988,1000,1000,973,954,933,823,979,1000,1000,1000,1000,981,998,1000,1000,516,997,980,986,13,995,986,17.2.1 (18617.1.17.11.12),868,183,998,778,921,1000,1000,968,915,763,857,930,127,500,563,470,997,1000,1000,1000,974,999,1000,1000,1000,984,953,823,997,1000,859,1000,1000,895,954,1000,993,992,972,960,976,978,1000,1000,-,759,183,76,491,833,242,214,939,877,716,623,220,47,83,563,411,845,980,845,970,878,988,1000,831,973,943,912,765,968,1000,851,973,1000,864,846,1000,962,511,967,912,963,13,969,947
2024-01-12,2024-01-22T16:57:08,120.0.6099.216,847,921,1000,777,997,362,214,997,996,753,821,944,194,750,795,589,868,987,1000,999,982,1000,1000,974,1000,990,1000,993,992,1000,958,1000,1000,980,888,1000,986,1000,998,989,998,996,996,960,120.0.2210.133,847,921,1000,777,997,242,214,997,989,753,821,944,194,750,713,589,858,987,928,999,960,1000,1000,831,1000,990,1000,949,981,1000,953,973,1000,946,888,1000,989,1000,997,952,995,973,985,949,121.0.1,822,183,76,491,836,1000,285,963,952,959,801,220,50,83,1000,589,881,993,916,970,942,988,1000,1000,973,954,932,823,979,1000,1000,1000,1000,981,998,1000,1000,516,997,980,986,13,995,986,17.2.1 (18617.1.17.11.12),867,183,998,778,921,1000,1000,968,915,763,857,930,122,500,563,470,997,1000,1000,1000,974,999,1000,1000,1000,984,952,823,997,1000,859,1000,1000,895,954,1000,993,992,972,970,976,978,1000,1000,-,758,183,76,491,833,242,214,941,877,716,623,220,46,83,563,411,845,980,845,970,878,988,1000,831,973,943,911,765,968,1000,855,973,1000,864,846,1000,982,511,969,922,963,13,980,947
2024-01-13,2024-01-22T16:57:08,120.0.6099.216,847,921,1000,777,997,362,214,997,996,782,821,944,194,750,795,589,868,987,1000,999,982,1000,1000,974,1000,990,1000,993,992,1000,958,1000,1000,980,888,1000,993,1000,998,989,998,996,996,960,120.0.2210.133,847,921,1000,777,997,242,214,997,988,782,821,944,194,750,713,589,858,987,928,999,960,1000,1000,831,1000,990,1000,949,981,1000,953,973,1000,946,888,1000,989,1000,995,952,995,988,973,960,121.0.1,822,183,76,491,836,1000,285,963,952,959,801,220,50,83,1000,589,881,993,916,970,942,988,1000,1000,973,954,932,823,979,1000,1000,1000,1000,981,998,1000,1000,516,997,980,986,13,995,986,17.2.1 (18617.1.17.11.12),867,183,998,778,921,1000,1000,968,915,763,857,930,122,625,563,470,997,1000,1000,1000,974,999,1000,1000,1000,984,952,823,997,1000,859,1000,1000,895,954,1000,993,992,972,970,976,968,1000,1000,-,758,183,76,491,833,242,214,941,877,745,623,220,46,83,563,411,845,980,845,970,878,988,1000,831,973,943,911,765,968,1000,855,973,1000,864,846,1000,989,511,966,912,963,13,969,947
2024-01-14,2024-01-22T16:57:08,120.0.6099.216,847,921,1000,777,997,362,214,997,996,782,821,944,194,750,795,589,868,987,1000,999,982,1000,1000,974,1000,990,1000,993,992,1000,958,1000,1000,980,888,1000,993,1000,998,989,998,996,996,972,120.0.2210.133,847,921,1000,777,997,242,214,997,988,782,821,944,194,625,713,589,826,987,928,999,960,991,1000,831,1000,990,1000,949,981,1000,953,973,1000,946,888,1000,989,1000,996,952,995,988,973,949,121.0.1,821,183,76,491,836,1000,285,966,952,959,801,220,50,83,1000,589,881,993,916,970,954,988,1000,1000,973,954,932,823,979,1000,1000,1000,1000,981,998,1000,1000,516,997,980,986,13,995,986,17.2.1 (18617.1.17.11.12),866,183,999,778,921,1000,1000,968,915,763,857,930,122,500,563,470,997,1000,1000,1000,974,999,1000,1000,1000,984,952,823,997,1000,859,1000,1000,895,954,1000,993,992,972,970,976,973,1000,1000,-,758,183,76,491,833,242,214,941,877,745,623,220,46,0,563,411,813,980,845,970,889,979,1000,831,973,943,911,765,968,1000,855,973,1000,864,846,1000,989,511,968,922,963,13,969,947
2024-01-15,2024-01-22T16:57:08,120.0.6099.216,847,921,1000,777,997,362,214,997,996,782,821,944,194,750,795,589,868,987,1000,999,982,1000,1000,974,1000,990,1000,993,992,1000,958,1000,1000,980,888,1000,993,1000,998,989,998,996,996,960,120.0.2210.133,847,921,1000,777,997,242,214,997,989,782,821,944,194,750,713,589,858,987,928,999,960,1000,1000,831,1000,990,991,949,981,1000,949,973,1000,946,888,1000,989,1000,995,952,995,988,985,960,121.0.1,821,183,76,491,836,1000,285,966,952,959,801,220,50,83,1000,589,881,993,916,970,942,988,1000,1000,973,954,932,821,979,1000,1000,1000,1000,981,998,1000,1000,516,997,980,986,13,995,986,17.2.1 (18617.1.17.11.12),866,183,998,778,921,1000,1000,968,915,763,857,930,122,625,563,470,997,1000,1000,1000,974,999,1000,1000,1000,984,952,820,997,1000,859,1000,1000,895,954,1000,993,992,972,970,976,978,1000,1000,-,758,183,76,491,833,242,214,941,877,745,623,220,46,83,563,411,845,980,845,970,878,988,1000,831,973,943,903,763,968,1000,851,973,1000,864,846,1000,989,511,966,922,963,13,980,958
2024-01-16,2024-01-22T16:57:08,120.0.6099.216,847,921,1000,777,997,362,214,993,996,782,821,944,194,750,795,589,868,987,1000,999,982,1000,1000,974,1000,990,999,993,992,1000,958,1000,1000,980,888,1000,982,1000,998,989,998,996,996,972,120.0.2210.133,847,921,1000,777,997,242,214,995,989,782,821,944,194,750,693,589,826,987,928,999,960,1000,1000,831,1000,990,999,949,981,1000,949,973,1000,946,888,1000,993,1000,997,952,995,988,973,960,121.0.1,821,183,76,491,836,1000,285,963,952,959,801,220,50,83,1000,589,881,993,916,970,942,988,1000,1000,973,954,931,821,979,1000,1000,1000,1000,981,998,1000,1000,516,997,980,986,13,995,986,17.2.1 (18617.1.17.11.12),866,183,999,778,921,1000,1000,968,915,763,857,930,122,625,563,470,997,1000,1000,1000,974,999,1000,1000,1000,984,951,820,997,1000,859,1000,1000,895,954,1000,993,992,972,960,976,978,1000,1000,-,758,183,76,491,833,242,214,937,877,745,623,220,46,83,543,411,813,980,845,970,878,988,1000,831,973,943,910,763,968,1000,851,973,1000,864,846,1000,982,511,968,912,963,13,969,958
2024-01-17,2024-01-22T16:57:08,120.0.6099.224,847,921,1000,777,997,362,214,997,996,782,821,944,194,750,795,589,868,987,1000,999,982,1000,1000,974,1000,990,999,993,992,1000,957,1000,1000,980,888,1000,972,1000,998,989,998,996,996,960,120.0.2210.133,847,921,1000,777,997,242,214,997,988,782,821,944,194,750,713,589,858,987,928,999,960,991,1000,831,1000,990,999,949,981,1000,953,973,1000,946,888,1000,989,1000,997,952,995,988,973,949,121.0.1,821,183,76,491,836,1000,285,966,952,959,801,220,50,83,1000,589,881,993,916,970,942,988,1000,1000,973,954,931,821,979,1000,999,1000,1000,981,998,1000,1000,516,997,980,986,13,995,986,17.2.1 (18617.1.17.11.12),866,183,999,778,921,1000,1000,968,915,763,857,930,122,500,563,470,997,1000,1000,1000,974,999,1000,1000,1000,984,951,820,997,1000,859,1000,1000,895,954,1000,993,992,972,970,976,973,1000,1000,-,758,183,76,491,833,242,214,941,876,745,623,220,46,83,563,411,845,980,845,970,878,979,1000,831,973,943,910,763,968,1000,855,973,1000,864,846,1000,969,511,969,922,963,13,969,947
2024-01-18,2024-01-22T16:57:08,120.0.6099.224,847,921,1000,777,997,362,214,997,996,782,821,944,194,750,795,589,868,987,1000,999,982,1000,1000,974,1000,990,999,993,992,1000,953,1000,1000,980,888,1000,993,1000,998,989,998,996,996,949,120.0.2210.144,847,921,1000,777,997,242,214,997,987,782,821,944,194,750,713,589,858,987,928,999,960,1000,1000,831,1000,990,999,949,981,1000,953,973,1000,946,888,1000,993,1000,996,952,995,988,985,960,121.0.1,821,183,76,491,836,1000,285,963,952,959,801,220,50,83,1000,589,881,993,916,970,942,988,1000,1000,973,954,931,821,979,1000,999,1000,1000,981,998,1000,1000,516,997,980,986,13,995,986,17.2.1 (18617.1.17.11.12),866,183,998,778,921,1000,1000,968,915,763,857,930,122,625,563,470,997,1000,1000,1000,974,999,1000,1000,1000,984,951,820,997,1000,859,1000,1000,895,954,1000,993,992,972,970,976,963,1000,1000,-,758,183,76,491,833,242,214,941,875,745,623,220,46,83,563,411,845,980,845,970,878,988,1000,831,973,943,910,763,968,1000,851,973,1000,864,846,1000,993,511,968,922,963,13,980,947
2024-01-19,2024-01-22T16:57:08,120.0.6099.224,847,921,1000,777,997,362,214,997,996,782,821,944,194,750,795,589,868,987,1000,999,982,1000,1000,974,1000,990,999,993,992,1000,957,1000,1000,980,888,1000,982,1000,998,989,998,996,996,949,120.0.2210.144,847,921,1000,777,997,242,214,997,989,782,821,944,194,750,713,589,858,987,928,999,960,1000,1000,831,1000,990,999,949,981,1000,953,973,1000,946,863,1000,993,1000,997,952,995,988,973,949,121.0.1,821,183,76,491,836,1000,285,963,952,959,801,220,50,83,1000,589,881,993,916,970,942,988,1000,1000,973,954,931,821,979,1000,999,1000,1000,981,998,1000,1000,516,997,980,986,13,995,986,17.2.1 (18617.1.17.11.12),866,183,998,778,921,1000,1000,968,915,763,857,930,122,500,563,470,997,1000,1000,1000,974,999,1000,1000,1000,984,951,820,997,1000,859,1000,1000,895,954,1000,993,992,972,970,976,973,1000,1000,-,758,183,76,491,833,242,214,939,877,745,623,220,46,83,563,411,845,980,845,970,878,988,1000,831,973,943,910,763,968,1000,855,973,1000,864,820,1000,982,511,968,922,963,13,969,947
2024-01-20,2024-01-22T16:57:08,120.0.6099.224,847,921,1000,771,997,362,214,995,996,782,821,944,194,750,795,589,868,987,1000,999,982,1000,1000,974,1000,990,999,993,992,1000,957,1000,1000,980,888,1000,993,1000,998,989,998,996,996,949,120.0.2210.144,847,921,1000,771,997,242,214,997,988,753,821,944,194,750,713,589,858,987,928,999,960,1000,1000,831,1000,990,999,949,981,1000,953,973,1000,946,888,1000,990,1000,996,942,995,973,973,960,121.0.1,821,183,76,491,836,1000,285,966,952,959,801,220,50,83,1000,589,881,993,916,970,942,988,1000,1000,973,954,931,821,979,1000,999,1000,1000,981,998,1000,1000,516,997,980,986,13,995,986,17.2.1 (18617.1.17.11.12),866,183,998,772,921,1000,1000,968,914,763,857,930,122,625,563,470,997,1000,1000,1000,974,999,1000,1000,1000,984,951,820,997,1000,859,1000,1000,895,954,1000,993,992,972,960,976,973,1000,1000,-,758,183,76,491,833,242,214,941,876,716,623,220,46,83,563,411,845,980,845,970,878,988,1000,831,973,943,910,763,968,1000,855,973,1000,864,846,1000,990,511,968,902,963,13,969,947
2024-01-21,2024-01-22T16:57:08,120.0.6099.224,847,921,1000,771,997,362,214,997,996,782,821,944,194,750,795,589,868,987,1000,999,982,1000,1000,974,1000,990,999,993,992,1000,957,1000,1000,980,888,1000,993,1000,998,989,998,996,996,960,120.0.2210.144,847,921,1000,771,997,242,214,997,989,782,821,944,194,750,713,589,858,987,928,999,960,1000,1000,831,1000,990,999,949,981,1000,949,973,1000,943,888,1000,989,1000,997,952,995,986,973,960,121.0.1,821,183,76,491,836,1000,285,963,952,959,801,220,50,83,1000,589,881,993,916,970,942,988,1000,1000,973,954,931,821,979,1000,999,1000,1000,981,998,1000,1000,516,997,980,986,13,995,986,17.2.1 (18617.1.17.11.12),866,183,998,772,921,1000,1000,968,915,763,857,930,122,625,563,470,997,1000,1000,1000,974,999,1000,1000,1000,984,951,820,997,1000,859,1000,1000,895,954,1000,993,992,972,970,976,973,1000,1000,-,758,183,76,491,833,242,214,941,877,745,623,220,46,83,563,411,845,980,845,970,878,988,1000,831,973,943,910,763,968,1000,851,973,1000,861,846,1000,989,511,969,922,963,13,969,958
2024-01-22,2024-01-22T16:57:08,120.0.6099.224,847,921,1000,771,997,362,214,997,996,782,821,944,194,750,795,589,868,987,1000,999,982,1000,1000,974,1000,990,999,993,992,1000,957,1000,1000,980,888,1000,993,1000,998,989,998,996,996,949,120.0.2210.144,847,921,1000,771,997,242,214,997,988,782,821,923,194,750,713,589,858,987,904,999,960,1000,1000,831,1000,990,999,949,981,1000,953,973,1000,946,888,1000,993,1000,997,952,995,988,973,960,121.0.1,821,183,76,491,836,1000,285,966,952,959,801,220,50,83,1000,589,881,993,916,970,942,988,1000,1000,973,954,931,821,979,1000,999,1000,1000,981,998,1000,1000,516,997,980,986,13,995,986,17.2.1 (18617.1.17.11.12),866,183,998,772,921,1000,1000,968,915,763,857,930,122,625,563,470,997,1000,1000,1000,974,999,1000,1000,1000,984,951,820,997,1000,859,1000,1000,895,954,1000,993,992,972,970,976,973,1000,1000,-,758,183,76,491,833,242,214,941,877,745,623,219,46,83,563,411,845,980,821,970,878,988,1000,831,973,943,910,763,968,1000,855,973,1000,864,846,1000,993,511,969,922,963,13,969,947
2024-01-22,2024-01-24T13:29:04,120.0.6099.224,847,921,1000,771,997,362,214,997,997,782,821,944,194,750,795,589,868,987,1000,999,982,1000,1000,974,1000,990,999,993,992,1000,957,1000,1000,980,888,1000,993,1000,998,989,998,996,996,949,120.0.2210.144,847,921,1000,771,997,242,214,997,961,782,821,923,194,750,713,589,858,987,904,999,960,1000,1000,831,1000,990,999,949,981,1000,953,973,1000,946,888,1000,993,1000,997,952,995,988,973,960,121.0.1,821,183,76,491,836,1000,285,966,935,959,801,220,50,83,1000,589,881,993,916,970,942,988,1000,1000,973,954,931,821,979,1000,999,1000,1000,981,998,1000,1000,516,997,980,986,13,995,986,17.2.1 (18617.1.17.11.12),866,183,998,772,921,1000,1000,968,928,763,857,930,122,625,563,470,997,1000,1000,1000,974,999,1000,1000,1000,984,951,820,997,1000,859,1000,1000,895,954,1000,993,992,972,970,976,973,1000,1000,-,758,183,76,491,833,242,214,941,853,745,623,219,46,83,563,411,845,980,821,970,878,988,1000,831,973,943,910,763,968,1000,855,973,1000,864,846,1000,993,511,969,922,963,13,969,947
2024-01-22,2024-01-25T19:18:15,120.0.6099.224,847,921,1000,771,987,362,214,997,997,782,821,944,194,750,795,589,868,987,1000,999,982,1000,1000,974,1000,990,999,993,992,1000,957,1000,1000,980,888,1000,993,1000,998,989,998,996,996,949,120.0.2210.144,847,921,1000,771,987,242,214,997,961,782,821,923,194,750,713,589,858,987,904,999,960,1000,1000,831,1000,990,999,949,981,1000,953,973,1000,946,888,1000,993,1000,997,952,995,988,973,960,121.0.1,821,183,76,491,827,1000,285,966,935,959,801,220,50,83,1000,589,881,993,916,970,942,988,1000,1000,973,954,931,821,979,1000,999,1000,1000,981,998,1000,1000,516,997,980,986,13,995,986,17.2.1 (18617.1.17.11.12),866,183,998,772,912,1000,1000,968,928,763,857,930,122,625,563,470,997,1000,1000,1000,974,999,1000,1000,1000,984,951,820,997,1000,859,1000,1000,895,954,1000,993,992,972,970,976,973,1000,1000,-,758,183,76,491,825,242,214,941,853,745,623,219,46,83,563,411,845,980,821,970,878,988,1000,831,973,943,910,763,968,1000,855,973,1000,864,846,1000,993,511,969,922,963,13,969,947
2024-01-22,2024-01-29T16:11:04,120.0.6099.224,847,921,1000,771,987,362,214,997,997,782,750,944,194,750,737,589,868,987,1000,999,982,1000,1000,974,1000,990,999,993,992,1000,957,1000,1000,980,888,1000,993,1000,998,989,998,996,996,949,120.0.2210.144,847,921,1000,771,987,242,214,997,961,782,750,923,194,750,655,589,858,987,904,999,960,1000,1000,831,1000,990,999,949,981,1000,953,973,1000,946,888,1000,993,1000,997,952,995,988,973,960,121.0.1,821,183,76,491,827,1000,285,966,935,959,739,220,50,83,857,589,881,993,916,970,942,988,1000,1000,973,954,931,821,979,1000,999,1000,1000,981,998,1000,1000,516,997,980,986,13,995,986,17.2.1 (18617.1.17.11.12),866,183,998,772,912,1000,1000,968,928,763,785,930,122,625,506,470,997,1000,1000,1000,974,999,1000,1000,1000,984,951,820,997,1000,859,1000,1000,895,954,1000,993,992,972,970,976,973,1000,1000,-,758,183,76,540,825,242,214,941,853,745,603,219,46,83,590,411,845,980,821,970,878,988,1000,831,973,943,910,763,968,1000,855,973,1000,864,846,1000,993,511,969,922,963,13,969,947
2024-01-22,2024-01-31T19:13:38,120.0.6099.224,828,921,1000,771,987,362,214,997,997,782,750,944,194,750,737,589,868,987,1000,999,982,1000,1000,974,1000,990,999,993,992,1000,957,1000,1000,980,888,1000,993,1000,998,989,998,996,996,949,120.0.2210.144,828,921,1000,771,987,242,214,997,961,782,750,923,194,750,655,589,858,987,904,999,960,1000,1000,831,1000,990,999,949,981,1000,953,973,1000,946,888,1000,993,1000,997,952,995,988,973,960,121.0.1,802,183,76,491,827,1000,285,966,935,959,739,220,50,83,857,589,881,993,916,970,942,988,1000,1000,973,954,931,821,979,1000,999,1000,1000,981,998,1000,1000,516,997,980,986,13,995,986,17.2.1 (18617.1.17.11.12),846,183,998,772,912,1000,1000,968,928,763,785,930,122,625,506,470,997,1000,1000,1000,974,999,1000,1000,1000,984,951,820,997,1000,859,1000,1000,895,954,1000,993,992,972,970,976,973,1000,1000,-,758,183,76,540,825,242,214,941,853,745,603,219,46,83,590,411,845,980,821,970,878,988,1000,831,973,943,910,763,968,1000,855,973,1000,864,846,1000,993,511,969,922,963,13,969,947
2024-01-22,2024-02-23T13:28:08,120.0.6099.224,828,921,1000,771,987,362,214,997,997,782,750,944,194,750,737,589,868,987,1000,999,982,1000,1000,974,1000,990,999,993,992,1000,957,1000,1000,980,888,1000,993,1000,998,989,998,996,996,949,120.0.2210.144,828,921,1000,771,987,242,214,997,961,782,750,923,194,750,655,589,858,987,904,999,960,1000,1000,831,1000,990,999,949,981,1000,953,973,1000,946,888,1000,993,1000,997,952,995,988,973,960,121.0.1,802,183,76,491,827,1000,285,964,935,959,739,220,50,83,857,589,881,993,916,970,942,988,1000,1000,973,954,931,821,979,1000,999,1000,1000,981,998,1000,1000,516,997,980,986,13,995,986,17.2.1 (18617.1.17.11.12),846,183,998,772,912,1000,1000,967,928,763,785,930,122,625,506,470,997,1000,1000,1000,974,999,1000,1000,1000,984,951,820,997,1000,859,1000,1000,895,954,1000,993,992,972,970,976,973,1000,1000,-,758,183,76,540,825,242,214,939,853,745,603,219,46,83,590,411,845,980,821,970,878,988,1000,831,973,943,910,763,968,1000,855,973,1000,864,846,1000,993,511,969,922,963,13,969,947
2024-01-22,2024-03-06T02:21:46,120.0.6099.224,828,921,1000,771,987,362,214,997,997,782,750,944,194,750,737,589,868,987,1000,999,982,1000,1000,974,1000,990,999,993,992,1000,957,1000,1000,980,888,1000,993,1000,998,989,998,996,996,949,120.0.2210.144,828,921,1000,771,987,242,214,997,961,782,750,923,194,750,655,589,858,987,904,999,960,1000,1000,831,1000,990,999,949,981,1000,953,973,1000,946,888,1000,993,1000,997,952,995,988,973,960,121.0.1,802,183,76,491,827,1000,285,963,935,959,739,220,50,83,857,589,881,993,916,970,942,988,1000,1000,973,954,931,821,979,1000,999,1000,1000,981,998,1000,1000,516,997,980,986,13,995,986,17.2.1 (18617.1.17.11.12),846,183,998,772,912,1000,1000,965,928,763,785,930,122,625,506,470,997,1000,1000,1000,974,999,1000,1000,1000,984,951,820,997,1000,859,1000,1000,895,954,1000,993,992,972,970,976,973,1000,1000,-,758,183,76,540,825,242,214,936,853,745,603,219,46,83,590,411,845,980,821,970,878,988,1000,831,973,943,910,763,968,1000,855,973,1000,864,846,1000,993,511,969,922,963,13,969,947
2024-01-22,2024-03-06T22:11:05,120.0.6099.224,828,910,1000,771,987,362,214,997,997,782,750,944,194,750,737,589,868,987,1000,999,982,1000,1000,974,1000,990,999,993,992,1000,957,1000,1000,980,888,1000,993,1000,998,989,998,996,996,949,120.0.2210.144,828,910,1000,771,987,242,214,997,961,782,750,923,194,750,655,589,858,987,904,999,960,1000,1000,831,1000,990,999,949,981,1000,953,973,1000,946,888,1000,993,1000,997,952,995,988,973,960,121.0.1,802,210,76,491,827,1000,285,963,935,959,739,220,50,83,857,589,881,993,916,970,942,988,1000,1000,973,954,931,821,979,1000,999,1000,1000,981,998,1000,1000,516,997,980,986,13,995,986,17.2.1 (18617.1.17.11.12),846,210,998,772,912,1000,1000,965,928,763,785,930,122,625,506,470,997,1000,1000,1000,974,999,1000,1000,1000,984,951,820,997,1000,859,1000,1000,895,954,1000,993,992,972,970,976,973,1000,1000,-,758,210,76,540,825,242,214,936,853,745,603,219,46,83,590,411,845,980,821,970,878,988,1000,831,973,943,910,763,968,1000,855,973,1000,864,846,1000,993,511,969,922,963,13,969,947
2024-01-22,2024-03-12T13:28:42,120.0.6099.224,828,910,1000,771,987,362,214,997,997,782,750,944,194,750,737,589,868,987,1000,999,982,1000,1000,974,1000,990,999,993,992,1000,957,1000,1000,980,888,1000,993,1000,998,989,998,996,996,949,120.0.2210.144,828,910,1000,771,987,242,214,997,961,782,750,923,194,750,655,589,858,987,904,999,960,1000,1000,831,1000,990,999,949,981,1000,953,973,1000,946,888,1000,993,1000,997,952,995,988,973,960,121.0.1,802,210,76,491,827,1000,285,961,935,959,739,220,50,83,857,589,881,993,916,970,942,988,1000,1000,973,954,931,821,979,1000,999,1000,1000,981,998,1000,1000,516,997,980,986,13,995,986,17.2.1 (18617.1.17.11.12),846,210,998,772,912,1000,1000,963,928,763,785,930,122,625,506,470,997,1000,1000,1000,974,999,1000,1000,1000,984,951,820,997,1000,859,1000,1000,895,954,1000,993,992,972,970,976,973,1000,1000,-,758,210,76,540,825,242,214,933,853,745,603,219,46,83,590,411,845,980,821,970,878,988,1000,831,973,943,910,763,968,1000,855,973,1000,864,846,1000,993,511,969,922,963,13,969,947
2024-01-22,2024-03-13T19:18:02,120.0.6099.224,828,637,1000,771,987,362,214,997,997,782,750,944,194,750,737,589,868,987,1000,999,982,1000,1000,974,1000,990,999,993,992,1000,957,1000,1000,980,888,1000,993,1000,998,989,998,996,996,949,120.0.2210.144,828,637,1000,771,987,242,214,997,961,782,750,923,194,750,655,589,858,987,904,999,960,1000,1000,831,1000,990,999,949,981,1000,953,973,1000,946,888,1000,993,1000,997,952,995,988,973,960,121.0.1,802,147,76,491,827,1000,285,961,935,959,739,220,50,83,857,589,881,993,916,970,942,988,1000,1000,973,954,931,821,979,1000,999,1000,1000,981,998,1000,1000,516,997,980,986,13,995,986,17.2.1 (18617.1.17.11.12),846,147,998,772,912,1000,1000,963,928,763,785,930,122,625,506,470,997,1000,1000,1000,974,999,1000,1000,1000,984,951,820,997,1000,859,1000,1000,895,954,1000,993,992,972,970,976,973,1000,1000,-,758,210,76,540,825,242,214,933,853,745,603,219,46,83,590,411,845,980,821,970,878,988,1000,831,973,943,910,763,968,1000,855,973,1000,864,846,1000,993,511,969,922,963,13,969,947
2024-03-20,2024-03-20T10:17:10,123.0.6312.58,869,895,937,782,1000,362,214,994,998,767,982,991,188,750,1000,649,868,987,1000,999,981,1000,1000,974,986,997,1000,991,1000,1000,995,1000,973,998,896,1000,993,980,996,970,998,996,1000,983,122.0.2365.92,864,920,937,774,968,242,214,997,958,767,857,991,188,750,918,649,858,987,928,999,958,1000,1000,831,1000,997,999,947,983,1000,973,973,973,964,896,1000,993,1000,998,952,996,994,988,972,124.0,843,173,76,927,861,997,1000,959,937,958,926,220,50,83,1000,1000,894,993,916,970,941,988,1000,1000,971,957,939,822,1000,1000,986,1000,1000,983,998,1000,1000,995,997,980,986,13,1000,998,17.4 (18618.1.15.111.5),876,357,936,919,943,1000,1000,963,925,763,857,981,116,437,482,613,996,1000,1000,1000,973,999,1000,1000,1000,983,951,818,1000,1000,999,1000,1000,895,996,1000,993,997,973,970,976,976,1000,1000,-,785,173,76,774,826,242,214,930,853,744,783,220,46,83,482,496,856,980,845,970,877,988,1000,831,958,942,919,763,983,1000,969,973,973,870,895,1000,993,979,969,902,963,13,988,970
2024-03-20,2024-03-20T22:12:55,123.0.6312.58,869,895,937,782,1000,362,214,994,998,767,982,991,188,750,1000,649,868,987,1000,999,981,1000,1000,974,986,997,1000,991,1000,1000,995,1000,973,998,896,1000,993,980,996,970,998,996,1000,983,122.0.2365.92,864,920,937,774,969,242,214,997,958,767,857,991,188,750,918,649,858,987,928,999,958,1000,1000,831,1000,997,999,947,983,1000,973,973,973,964,896,1000,993,1000,998,952,996,994,988,972,124.0,843,173,76,927,862,997,1000,959,937,958,926,220,50,83,1000,1000,894,993,916,970,941,988,1000,1000,971,957,939,822,1000,1000,986,1000,1000,983,998,1000,1000,995,997,980,986,13,1000,998,17.4 (18618.1.15.111.5),876,357,936,919,944,1000,1000,963,925,763,857,981,116,437,482,613,996,1000,1000,1000,973,999,1000,1000,1000,983,951,818,1000,1000,999,1000,1000,895,996,1000,993,997,973,970,976,976,1000,1000,-,785,173,76,774,827,242,214,930,853,744,783,220,46,83,482,496,856,980,845,970,877,988,1000,831,958,942,919,763,983,1000,969,973,973,870,895,1000,993,979,969,902,963,13,988,970
2024-03-22,2024-03-22T07:19:39,123.0.6312.58,869,895,937,782,1000,362,214,962,998,767,910,991,188,750,1000,649,868,987,1000,999,981,1000,1000,974,986,997,1000,991,1000,1000,995,1000,973,998,896,1000,982,983,996,970,998,996,1000,983,122.0.2365.92,864,920,937,774,969,242,214,967,958,767,857,991,188,750,918,649,858,987,928,999,958,1000,1000,831,1000,997,999,947,983,1000,973,973,973,964,896,1000,993,1000,998,952,996,985,988,972,124.0,843,173,76,927,862,997,1000,928,937,958,855,220,50,83,1000,1000,894,993,916,970,941,988,1000,1000,971,957,939,822,1000,1000,986,1000,1000,983,998,1000,1000,995,997,980,986,13,1000,998,17.4 (18618.1.15.111.5),876,357,935,919,944,1000,1000,933,925,763,785,981,116,520,482,613,996,1000,1000,1000,973,999,1000,1000,1000,983,951,818,1000,1000,999,1000,1000,895,996,1000,993,997,973,970,976,976,1000,1000,-,785,173,76,774,827,242,214,926,853,744,844,220,46,83,482,496,856,980,845,970,877,988,1000,831,958,942,919,763,983,1000,969,973,973,870,895,1000,982,977,969,902,963,13,988,970
2024-03-24,2024-03-24T07:19:18,123.0.6312.58,869,895,937,782,1000,362,214,962,998,767,910,991,188,750,1000,649,868,987,1000,999,981,1000,1000,974,986,997,1000,991,1000,1000,999,1000,973,998,896,1000,991,976,997,970,998,996,1000,983,123.0.2420.53,869,920,937,782,1000,242,214,967,962,767,857,991,188,750,979,649,858,987,928,999,958,1000,1000,831,1000,992,999,951,989,1000,973,973,973,964,896,1000,993,1000,998,952,996,995,988,972,124.0.1,843,173,76,927,862,997,1000,928,937,958,855,220,50,83,1000,1000,894,993,916,970,941,988,1000,1000,971,957,939,822,1000,1000,986,1000,1000,983,998,1000,1000,995,997,980,986,13,1000,998,17.4 (18618.1.15.111.5),876,357,935,919,944,1000,1000,933,925,763,785,981,116,520,482,613,996,1000,1000,1000,973,999,1000,1000,1000,983,951,818,1000,1000,999,1000,1000,895,996,1000,993,997,973,970,976,976,1000,1000,-,785,173,76,782,857,242,214,928,853,744,844,220,46,83,482,496,856,980,845,970,877,988,1000,831,958,937,919,767,989,1000,973,973,973,870,895,1000,991,975,969,902,963,13,988,970
2024-03-24,2024-03-25T22:19:17,123.0.6312.58,869,895,937,782,1000,362,214,992,998,767,982,991,188,750,1000,649,868,987,1000,999,981,1000,1000,974,986,997,1000,991,1000,1000,999,1000,973,998,896,1000,991,976,997,970,998,996,1000,983,123.0.2420.53,869,920,937,782,1000,242,214,997,962,767,857,991,188,750,979,649,858,987,928,999,958,1000,1000,831,1000,992,999,951,989,1000,973,973,973,964,896,1000,993,1000,998,952,996,995,988,972,124.0.1,843,173,76,927,862,997,1000,957,937,958,926,220,50,83,1000,1000,894,993,916,970,941,988,1000,1000,971,957,939,822,1000,1000,986,1000,1000,983,998,1000,1000,995,997,980,986,13,1000,998,17.4 (18618.1.15.111.5),876,357,935,919,944,1000,1000,962,925,763,857,981,116,520,482,613,996,1000,1000,1000,973,999,1000,1000,1000,983,951,818,1000,1000,999,1000,1000,895,996,1000,993,997,973,970,976,976,1000,1000,-,785,173,76,782,857,242,214,928,853,744,783,220,46,83,482,496,856,980,845,970,877,988,1000,831,958,937,919,767,989,1000,973,973,973,870,895,1000,991,975,969,902,963,13,988,970
2024-03-26,2024-03-26T13:36:37,123.0.6312.58,869,920,937,782,1000,362,214,997,998,767,1000,991,188,750,1000,649,868,987,1000,999,981,1000,1000,974,986,997,1000,991,1000,1000,999,1000,973,998,896,1000,993,970,997,970,998,996,1000,983,122.0.2365.92,864,920,937,774,969,242,214,997,958,767,857,991,188,750,918,649,858,987,928,999,958,1000,1000,831,1000,997,999,947,983,1000,973,973,973,964,896,1000,993,1000,997,952,996,992,988,972,124.0.1,843,173,76,927,862,997,1000,960,937,958,926,220,50,83,1000,1000,894,993,916,970,941,988,1000,1000,971,957,939,822,1000,1000,986,1000,1000,983,998,1000,1000,995,997,980,986,13,1000,998,17.4.1 (18618.1.15.111.8),876,357,935,919,944,1000,1000,962,925,763,857,981,116,520,482,613,996,1000,1000,1000,973,999,1000,1000,1000,983,951,818,1000,1000,999,1000,1000,895,996,1000,993,997,973,970,976,976,1000,1000,-,785,173,76,774,827,242,214,931,853,744,783,220,46,83,482,496,856,980,845,970,877,988,1000,831,958,942,919,763,983,1000,973,973,973,870,895,1000,993,970,968,902,963,13,988,970
2024-03-27,2024-03-27T07:25:28,123.0.6312.86,869,920,937,782,1000,362,214,994,998,767,1000,991,188,750,1000,649,868,987,1000,999,981,1000,1000,974,986,997,1000,991,1000,1000,999,1000,973,998,896,1000,993,982,996,970,998,996,1000,983,122.0.2365.92,864,920,937,774,969,242,214,994,958,767,857,991,188,750,918,649,858,987,928,999,958,1000,1000,831,1000,997,999,947,983,1000,973,973,973,964,896,1000,993,1000,997,952,996,980,988,972,124.0.1,843,173,76,927,862,997,1000,963,937,958,926,220,50,83,1000,1000,894,993,916,970,941,988,1000,1000,971,957,939,822,1000,1000,986,1000,1000,983,998,1000,1000,995,997,980,986,13,1000,998,17.4.1 (18618.1.15.111.8),876,357,935,919,944,1000,1000,962,925,763,857,981,116,520,482,613,996,1000,1000,1000,973,999,1000,1000,1000,983,951,818,1000,1000,999,1000,1000,895,996,1000,993,997,973,970,976,976,1000,1000,-,785,173,76,774,827,242,214,931,853,744,783,220,46,83,482,496,856,980,845,970,877,988,1000,831,958,942,919,763,983,1000,973,973,973,870,895,1000,993,976,968,902,963,13,988,970
2024-03-28,2024-03-28T10:18:31,123.0.6312.86,869,920,937,782,1000,362,214,994,998,767,1000,991,188,750,1000,649,868,987,1000,999,981,1000,1000,974,986,997,1000,991,1000,1000,999,1000,973,998,896,1000,993,986,996,970,998,996,1000,983,123.0.2420.65,869,920,937,782,1000,242,214,994,962,767,857,991,188,750,979,649,858,987,928,999,958,1000,1000,831,1000,997,999,951,989,1000,973,973,973,964,896,1000,993,1000,997,952,996,980,988,972,124.0.1,843,173,76,927,861,997,1000,960,937,958,926,220,50,83,1000,1000,894,993,916,970,941,988,1000,1000,971,957,939,822,1000,1000,986,1000,1000,983,998,1000,1000,995,997,980,986,13,1000,998,17.4.1 (18618.1.15.111.8),876,357,936,919,943,1000,1000,962,925,763,857,981,116,520,482,613,996,1000,1000,1000,973,999,1000,1000,1000,983,951,818,1000,1000,999,1000,1000,895,996,1000,993,997,973,980,976,976,1000,1000,-,785,173,76,782,857,242,214,928,853,744,783,220,46,83,482,496,856,980,845,970,877,988,1000,831,958,942,919,767,989,1000,973,973,973,870,895,1000,993,983,968,902,963,13,988,970
2024-03-30,2024-03-30T10:14:52,123.0.6312.86,863,920,937,782,1000,362,214,994,998,767,1000,991,188,750,1000,649,868,987,1000,999,981,1000,1000,974,986,997,1000,991,1000,1000,999,1000,973,998,896,1000,993,976,996,970,998,996,1000,983,123.0.2420.65,863,920,937,782,1000,242,214,994,962,767,857,991,188,750,979,649,858,987,928,999,958,1000,1000,831,1000,997,999,951,989,1000,973,973,973,964,896,1000,993,1000,997,952,996,995,988,972,124.0.1,838,173,76,927,861,997,1000,960,937,958,926,220,50,83,1000,1000,894,993,916,970,941,988,1000,1000,971,957,939,822,1000,1000,986,1000,1000,983,998,1000,1000,995,997,980,986,13,1000,998,17.4.1 (18618.1.15.111.8),871,357,935,919,943,1000,1000,962,925,763,857,981,116,520,482,613,996,1000,1000,1000,973,999,1000,1000,1000,983,951,818,1000,1000,999,1000,1000,895,996,1000,993,997,973,970,976,976,1000,1000,-,779,173,76,782,857,242,214,928,853,744,783,220,46,83,482,496,856,980,845,970,877,988,1000,831,958,942,919,767,989,1000,973,973,973,870,895,1000,993,975,968,902,963,13,988,970
2024-03-31,2024-03-31T07:19:40,123.0.6312.86,863,895,937,782,1000,362,214,994,998,767,1000,991,188,750,1000,649,868,987,1000,999,981,1000,1000,974,986,997,1000,993,1000,1000,999,1000,973,998,896,1000,993,983,996,970,998,996,1000,983,123.0.2420.65,863,920,937,782,1000,242,214,994,962,767,857,991,188,750,979,649,858,987,928,999,958,1000,1000,831,1000,997,999,951,989,1000,973,973,973,964,896,1000,993,1000,998,952,996,995,988,972,124.0.1,838,173,76,927,861,997,1000,963,937,958,926,220,50,83,1000,1000,894,993,916,970,952,988,1000,1000,971,957,939,822,1000,1000,986,1000,1000,983,998,1000,1000,995,997,980,986,13,1000,998,17.4.1 (18618.1.15.111.8),871,357,935,919,943,1000,1000,962,925,763,857,981,116,520,482,613,996,1000,1000,1000,973,999,1000,1000,1000,983,951,818,1000,1000,999,1000,1000,895,996,1000,993,997,973,970,976,976,1000,1000,-,779,173,76,782,857,242,214,931,853,744,783,220,46,83,482,496,856,980,845,970,888,988,1000,831,958,942,919,769,989,1000,973,973,973,870,895,1000,993,981,969,902,963,13,988,970
2024-04-01,2024-04-01T07:23:55,123.0.6312.86,863,895,937,782,1000,362,214,994,998,767,1000,991,188,750,1000,649,868,987,1000,999,981,1000,1000,974,986,997,1000,991,1000,1000,999,1000,973,998,896,1000,993,976,996,970,998,996,1000,983,123.0.2420.65,863,920,937,782,1000,242,214,994,962,767,857,991,188,750,979,649,858,987,928,999,958,1000,1000,831,1000,997,999,949,989,1000,973,973,973,964,896,1000,993,1000,998,952,996,995,988,972,124.0.1,838,173,76,927,861,997,1000,963,937,958,926,220,50,83,1000,1000,894,993,916,970,941,988,1000,1000,971,957,939,822,1000,1000,986,1000,1000,983,998,1000,1000,995,997,980,986,13,1000,998,17.4.1 (18618.1.15.111.8),871,357,936,919,943,1000,1000,962,925,763,857,981,116,520,482,613,996,1000,1000,1000,973,999,1000,1000,1000,983,951,818,1000,1000,999,1000,1000,895,996,1000,993,997,973,980,976,976,1000,1000,-,779,173,76,782,857,242,214,931,853,744,783,220,46,83,482,496,856,980,845,970,877,988,1000,831,958,942,919,765,989,1000,973,973,973,870,895,1000,993,971,969,902,963,13,988,970
2024-04-02,2024-04-02T10:20:22,123.0.6312.86,863,895,937,782,1000,362,214,994,998,767,1000,991,188,750,1000,649,868,987,1000,999,981,1000,1000,974,986,997,1000,991,1000,1000,999,1000,973,998,896,1000,993,973,997,970,998,996,1000,983,123.0.2420.65,863,920,937,782,1000,242,214,994,962,767,857,991,188,750,979,649,858,987,928,999,958,1000,1000,831,1000,997,999,951,989,1000,973,973,973,964,896,1000,993,1000,997,952,996,995,988,972,124.0.1,838,173,76,927,861,997,1000,960,937,958,926,220,50,83,1000,1000,894,993,916,970,941,988,1000,1000,971,957,939,822,1000,1000,986,1000,1000,983,998,1000,1000,995,997,980,986,13,1000,998,17.4.1 (18618.1.15.111.8),871,357,935,919,943,1000,1000,962,925,763,857,981,116,520,482,613,996,1000,1000,1000,973,999,1000,1000,1000,983,951,818,1000,1000,999,1000,1000,895,996,1000,993,997,973,970,976,976,1000,998,-,779,173,76,782,857,242,214,931,853,744,783,220,46,83,482,496,856,980,845,970,877,988,1000,831,958,942,919,767,989,1000,973,973,973,870,895,1000,993,970,969,902,963,13,988,970
2024-04-03,2024-04-03T07:24:51,123.0.6312.86,863,920,937,782,1000,362,214,986,998,767,1000,990,188,750,1000,649,868,987,1000,999,981,1000,1000,974,986,997,1000,991,1000,1000,999,1000,973,998,896,1000,993,980,996,970,998,996,1000,983,123.0.2420.65,863,920,937,782,1000,242,214,994,962,767,857,990,188,750,979,649,858,987,928,999,958,1000,1000,831,1000,997,999,951,989,1000,973,973,973,964,896,1000,993,1000,997,952,996,985,988,972,124.0.2,838,173,76,927,861,997,1000,963,937,958,926,220,50,83,1000,1000,894,993,916,970,941,988,1000,1000,971,957,939,822,1000,1000,986,1000,1000,983,998,1000,1000,995,997,980,986,13,1000,998,17.4.1 (18618.1.15.111.8),871,357,936,919,943,1000,1000,962,925,763,857,981,116,520,482,613,996,1000,1000,1000,973,999,1000,1000,1000,983,951,818,1000,1000,999,1000,1000,895,996,1000,993,997,973,970,976,976,1000,1000,-,779,173,76,782,857,242,214,926,853,744,783,220,46,83,482,496,856,980,845,970,877,988,1000,831,958,942,919,767,989,1000,973,973,973,870,895,1000,993,978,968,902,963,13,988,970
2024-04-03,2024-04-04T13:37:44,123.0.6312.86,863,920,937,782,1000,362,214,986,998,767,1000,990,188,750,857,649,868,987,1000,999,981,1000,1000,974,986,997,1000,991,1000,1000,999,1000,973,998,896,1000,993,980,996,970,998,996,1000,983,123.0.2420.65,863,920,937,782,1000,242,214,994,962,767,857,990,188,750,836,649,858,987,928,999,958,1000,1000,831,1000,997,999,951,989,1000,973,973,973,964,896,1000,993,1000,997,952,996,985,988,972,124.0.2,838,173,76,927,861,997,1000,963,937,958,926,220,50,83,857,1000,894,993,916,970,941,988,1000,1000,971,957,939,822,1000,1000,986,1000,1000,983,998,1000,1000,995,997,980,986,13,1000,998,17.4.1 (18618.1.15.111.8),871,357,936,919,943,1000,1000,962,925,763,857,981,116,520,424,613,996,1000,1000,1000,973,999,1000,1000,1000,983,951,818,1000,1000,999,1000,1000,895,996,1000,993,997,973,970,976,976,1000,1000,-,779,173,76,782,857,242,214,926,853,744,783,220,46,83,495,496,856,980,845,970,877,988,1000,831,958,942,919,767,989,1000,973,973,973,870,895,1000,993,978,968,902,963,13,988,970
2024-04-04,2024-04-04T19:30:14,123.0.6312.86,863,895,937,782,1000,362,214,989,998,767,1000,990,188,750,857,649,868,987,1000,999,981,1000,1000,974,986,995,1000,991,1000,1000,995,1000,973,998,896,1000,993,976,997,970,998,996,1000,983,123.0.2420.65,863,920,937,782,1000,242,214,994,962,767,857,990,188,750,836,649,858,987,928,999,958,1000,1000,831,1000,995,999,951,989,1000,973,973,973,964,896,1000,993,1000,997,952,996,994,988,972,124.0.2,838,173,76,927,861,997,1000,963,937,958,926,220,50,83,857,1000,894,993,916,970,941,988,1000,1000,971,957,939,822,995,1000,986,1000,1000,983,998,1000,1000,995,997,980,986,13,1000,998,17.4.1 (18618.1.15.111.8),871,357,935,919,943,1000,1000,962,925,763,857,981,116,520,424,613,996,1000,1000,1000,973,999,1000,1000,1000,982,951,818,1000,1000,999,1000,1000,895,996,1000,993,997,973,960,976,976,1000,1000,-,779,173,76,782,857,242,214,926,853,744,783,220,46,83,495,496,856,980,845,970,877,988,1000,831,958,940,919,767,984,1000,969,973,973,870,895,1000,993,974,969,893,963,13,988,970
2024-04-06,2024-04-06T13:35:35,123.0.6312.105,863,920,937,782,1000,362,214,994,998,767,1000,990,188,750,1000,649,868,980,1000,999,981,1000,1000,974,986,995,1000,991,1000,1000,995,1000,973,998,896,1000,982,977,996,970,998,996,1000,983,123.0.2420.81,863,920,937,782,1000,242,214,994,962,767,857,990,188,750,979,649,858,980,928,999,958,1000,1000,831,1000,995,999,949,989,1000,973,973,973,964,896,1000,993,1000,997,952,996,995,988,972,124.0.2,838,173,76,927,861,997,1000,960,937,958,926,220,50,83,1000,1000,894,993,916,970,941,988,1000,1000,971,957,939,822,995,1000,986,1000,1000,983,998,1000,1000,995,997,980,986,13,1000,998,17.4.1 (18618.1.15.111.8),871,357,935,919,943,1000,1000,962,925,763,857,981,115,520,482,613,996,1000,1000,1000,973,999,1000,1000,1000,982,951,818,1000,1000,999,1000,1000,895,996,1000,993,997,973,980,976,976,1000,1000,-,779,173,76,782,857,242,214,931,854,744,783,220,46,83,482,496,856,974,845,970,877,988,1000,831,958,940,919,765,984,1000,969,973,973,870,895,1000,982,974,968,902,963,13,988,970
2024-04-07,2024-04-07T07:28:29,123.0.6312.105,863,895,937,782,1000,362,214,994,998,767,1000,990,188,750,1000,649,868,980,976,999,981,1000,1000,974,986,995,1000,991,1000,1000,999,1000,973,998,896,1000,982,994,996,970,998,996,1000,983,123.0.2420.81,863,920,937,782,1000,242,214,994,962,767,857,990,188,750,979,649,858,980,928,999,958,1000,1000,831,1000,995,999,951,989,1000,973,973,973,964,896,1000,993,1000,998,952,996,995,988,972,124.0.2,838,173,76,927,861,997,1000,963,937,958,926,220,50,83,1000,1000,894,993,916,970,941,988,1000,1000,971,957,939,822,995,1000,986,1000,1000,983,998,1000,1000,995,997,980,986,13,1000,998,17.4.1 (18618.1.15.111.8),871,357,935,919,943,1000,1000,962,925,763,857,981,115,520,482,613,996,1000,1000,1000,973,999,1000,1000,1000,982,951,818,1000,1000,999,1000,1000,895,996,1000,993,997,973,970,976,976,1000,998,-,779,173,76,782,857,242,214,931,853,744,783,220,46,83,482,496,856,974,845,970,877,988,1000,831,958,940,919,767,984,1000,973,973,973,870,895,1000,982,989,969,902,963,13,988,970
2024-04-09,2024-04-09T10:22:45,123.0.6312.105,863,920,937,782,1000,362,214,984,998,767,1000,990,188,750,1000,649,868,980,1000,973,981,1000,1000,974,986,995,1000,991,1000,1000,995,1000,973,998,896,1000,993,990,996,970,998,996,1000,983,123.0.2420.81,863,920,937,782,1000,242,214,984,962,767,857,990,188,750,979,649,858,980,928,999,958,1000,1000,831,1000,995,999,951,989,1000,973,973,973,964,896,1000,993,1000,997,952,996,985,988,972,124.0.2,838,173,76,927,861,997,1000,950,937,958,926,220,50,83,1000,1000,894,993,916,970,941,988,1000,1000,971,957,939,822,995,1000,986,1000,1000,983,998,1000,1000,995,997,980,986,13,1000,998,17.4.1 (18618.1.15.111.8),871,357,936,919,943,1000,1000,952,925,763,857,981,115,520,482,613,996,1000,1000,1000,973,999,1000,1000,1000,982,951,818,1000,1000,999,1000,1000,895,996,1000,993,997,973,980,976,971,1000,1000,-,779,173,76,782,857,242,214,918,853,744,783,220,46,83,482,496,856,974,845,943,877,988,1000,831,958,940,919,767,984,1000,969,973,973,870,895,1000,993,985,969,902,963,13,988,970
2024-04-10,2024-04-10T10:27:45,123.0.6312.105,863,920,937,782,1000,362,214,978,998,767,1000,990,188,750,1000,649,868,980,1000,999,981,1000,1000,974,986,995,1000,991,1000,1000,999,1000,973,998,896,1000,993,984,996,970,998,996,1000,983,123.0.2420.81,863,920,937,782,1000,242,214,984,962,767,857,990,188,750,979,649,858,980,928,999,958,1000,1000,831,1000,995,999,951,989,1000,973,973,973,964,896,1000,993,1000,997,952,996,985,988,972,124.0.2,838,173,76,927,861,997,1000,952,937,958,926,220,50,83,1000,1000,894,993,916,970,941,988,1000,1000,971,957,939,822,995,1000,986,1000,1000,983,998,1000,1000,995,997,980,986,13,1000,998,17.4.1 (18618.1.15.111.8),871,357,935,919,943,1000,1000,952,925,763,857,981,115,520,482,613,996,1000,1000,1000,973,999,1000,1000,1000,982,951,818,1000,1000,999,1000,1000,895,996,1000,993,997,973,980,976,976,1000,1000,-,779,173,76,782,857,242,214,918,853,744,783,220,46,83,482,496,856,974,845,970,877,988,1000,831,958,940,919,767,984,1000,973,973,973,870,895,1000,993,981,968,902,963,13,988,970
2024-04-11,2024-04-11T10:21:20,123.0.6312.122,863,920,937,782,1000,362,214,984,998,767,1000,990,188,750,1000,649,868,980,1000,999,981,1000,1000,974,986,995,1000,991,1000,1000,999,1000,973,998,896,1000,993,976,996,970,998,996,1000,983,123.0.2420.81,863,920,937,782,1000,242,214,984,962,767,857,990,188,750,979,649,858,980,928,999,958,1000,1000,831,1000,995,999,951,989,1000,973,973,973,964,896,1000,993,1000,998,952,996,994,988,972,124.0.2,838,173,76,927,861,997,1000,950,937,958,926,220,50,83,1000,1000,894,993,916,970,941,988,1000,1000,971,957,939,822,995,1000,986,1000,1000,983,998,1000,1000,995,997,980,986,13,1000,998,17.4.1 (18618.1.15.111.8),871,357,935,919,943,1000,1000,952,925,763,857,981,115,520,482,613,996,1000,1000,1000,973,999,1000,1000,1000,982,951,818,1000,1000,999,1000,1000,895,996,1000,993,997,973,970,976,976,1000,1000,-,779,173,76,782,857,242,214,921,853,744,783,220,46,83,482,496,856,974,845,970,877,988,1000,831,958,940,919,767,984,1000,973,973,973,870,895,1000,993,972,969,902,963,13,988,970
2024-04-13,2024-04-13T07:19:22,123.0.6312.122,863,895,937,782,1000,362,214,992,998,767,1000,978,188,750,1000,649,868,980,1000,999,981,1000,1000,974,986,995,1000,991,1000,1000,999,1000,973,998,896,1000,993,989,996,970,998,996,1000,983,123.0.2420.97,863,920,937,782,1000,242,214,994,962,767,857,972,188,750,979,649,858,980,928,999,958,1000,1000,831,1000,995,999,951,989,1000,973,973,973,964,896,1000,993,1000,997,952,996,995,988,972,124.0.2,837,173,76,927,861,997,1000,962,937,958,926,220,50,83,1000,1000,894,993,916,970,941,988,1000,1000,971,957,939,822,995,1000,986,1000,1000,983,998,1000,1000,995,997,980,986,13,1000,998,17.4.1 (18618.1.15.111.8),871,357,936,919,943,960,1000,962,925,763,857,981,115,520,482,613,996,1000,1000,1000,973,999,1000,1000,1000,982,951,818,1000,1000,999,1000,1000,895,996,1000,993,997,973,970,976,976,1000,1000,-,779,173,76,782,857,202,214,928,853,744,783,220,46,83,482,496,856,974,845,970,877,988,1000,831,958,940,919,767,984,1000,973,973,973,870,895,1000,993,985,968,902,963,13,988,970
2024-04-14,2024-04-14T08:59:07,123.0.6312.122,863,895,937,782,1000,362,214,994,998,767,1000,972,188,750,1000,649,868,980,1000,999,981,1000,1000,974,986,995,1000,991,1000,1000,999,1000,973,998,896,1000,993,988,996,970,998,996,1000,983,123.0.2420.97,863,920,937,782,1000,242,214,994,962,767,857,972,188,750,979,649,858,980,928,999,958,1000,1000,831,1000,995,999,951,989,1000,973,973,973,964,896,1000,993,1000,997,952,996,995,988,972,124.0.2,838,173,76,927,861,997,1000,962,937,958,926,220,50,83,1000,1000,894,993,916,970,941,988,1000,1000,971,957,939,822,995,1000,986,1000,1000,983,998,1000,1000,995,997,980,986,13,1000,998,17.4.1 (18618.1.15.111.8),871,357,935,919,943,960,1000,962,925,763,857,981,115,520,482,613,996,1000,1000,1000,973,999,1000,1000,1000,982,951,818,1000,1000,999,1000,1000,895,996,1000,993,997,973,970,976,976,1000,1000,-,779,173,76,782,857,202,214,931,853,744,783,220,46,83,482,496,856,974,845,970,877,988,1000,831,958,940,919,767,984,1000,973,973,973,870,895,1000,993,981,968,902,963,13,988,970
2024-04-16,2024-04-16T19:22:19,123.0.6312.122,863,920,937,782,1000,362,214,994,998,767,1000,974,188,750,1000,649,868,980,1000,999,981,1000,1000,974,986,995,1000,991,1000,1000,999,1000,973,998,896,1000,993,986,996,970,998,996,1000,983,123.0.2420.97,863,920,937,782,1000,242,214,994,962,767,857,974,188,750,979,649,858,980,928,999,958,1000,1000,831,1000,995,999,951,989,1000,973,973,973,964,896,1000,993,1000,997,952,996,985,988,972,124.0.2,838,173,76,927,861,997,1000,962,937,958,926,220,50,83,1000,1000,895,993,916,970,941,988,1000,1000,971,957,939,822,995,1000,986,1000,1000,983,998,1000,1000,995,997,980,986,13,1000,998,17.4.1 (18618.1.15.111.8),871,357,935,919,943,960,1000,962,925,763,857,981,115,520,482,613,995,1000,1000,1000,973,999,1000,1000,1000,982,951,818,1000,1000,999,1000,1000,895,996,1000,993,997,973,970,976,971,1000,1000,-,779,173,76,782,857,202,214,931,853,744,783,220,46,83,482,496,857,974,845,970,877,988,1000,831,958,940,919,767,984,1000,973,973,973,870,895,1000,993,981,968,902,963,13,988,970
2024-04-17,2024-04-17T10:26:41,123.0.6312.122,863,920,937,782,1000,362,214,994,998,767,1000,980,188,750,1000,649,868,980,1000,999,981,1000,1000,974,986,995,1000,991,1000,997,999,1000,973,998,896,1000,993,975,997,970,998,996,1000,983,123.0.2420.97,863,920,937,782,1000,242,214,994,962,767,857,974,188,750,979,649,858,980,928,999,958,1000,1000,831,1000,995,999,951,989,997,973,973,973,964,896,1000,993,1000,997,952,996,995,988,972,125.0.1,902,173,76,986,864,997,1000,960,939,958,926,994,50,83,1000,1000,895,993,916,970,941,988,1000,1000,971,957,939,981,995,999,986,1000,1000,983,998,1000,1000,995,997,980,994,13,1000,999,17.4.1 (18618.1.15.111.8),871,357,936,919,943,960,1000,962,925,763,857,981,115,520,482,613,995,1000,1000,1000,973,999,1000,1000,1000,982,951,818,1000,998,999,1000,1000,895,996,1000,993,997,973,970,976,971,1000,1000,-,819,173,76,782,859,202,214,931,854,744,783,970,46,83,482,496,857,974,845,970,877,988,1000,831,958,940,919,767,984,997,973,973,973,870,895,1000,993,974,969,902,971,13,988,971
2024-04-18,2024-04-18T10:25:47,123.0.6312.122,863,920,937,782,1000,362,214,994,998,767,1000,980,188,750,1000,649,868,980,1000,999,981,1000,1000,974,986,995,1000,989,1000,997,999,1000,973,998,896,1000,972,985,997,970,998,996,1000,983,123.0.2420.97,863,920,937,782,1000,242,214,994,962,767,857,974,188,750,979,649,858,980,928,999,958,1000,1000,831,1000,995,999,951,989,997,973,973,973,964,896,1000,993,1000,997,952,996,987,988,972,125.0.1,902,173,76,986,864,997,1000,960,939,958,926,994,50,83,1000,1000,895,993,916,970,941,988,1000,1000,971,957,939,981,995,999,986,1000,1000,983,998,1000,1000,995,997,980,994,13,1000,999,17.4.1 (18618.1.15.111.8),871,357,935,919,943,960,1000,962,925,763,857,981,115,520,482,613,995,1000,1000,1000,973,999,1000,1000,1000,982,951,818,1000,998,999,1000,1000,895,996,1000,993,997,973,960,976,976,1000,1000,-,819,173,76,782,859,202,214,931,854,744,783,970,46,83,482,496,857,974,845,970,877,988,1000,831,958,940,919,767,984,997,973,973,973,870,895,1000,972,979,969,893,971,13,988,971
2024-04-19,2024-04-19T10:27:17,123.0.6312.122,863,920,937,782,1000,362,214,994,998,767,1000,980,188,750,1000,649,868,980,1000,999,981,1000,1000,974,986,995,1000,991,1000,979,999,1000,973,998,896,1000,972,968,995,970,998,996,1000,983,124.0.2478.51,870,920,937,999,1000,242,214,994,962,817,857,974,189,750,979,649,858,980,928,999,958,1000,1000,831,1000,995,999,951,989,997,995,973,973,964,896,1000,993,1000,997,952,996,995,988,987,125.0.1,902,173,76,986,864,997,1000,962,939,958,926,994,50,83,1000,1000,895,993,916,970,941,988,1000,1000,971,957,939,981,995,999,986,1000,1000,983,998,1000,1000,995,997,980,994,13,1000,805,17.4.1 (18618.1.15.111.8),871,357,935,919,943,960,1000,962,925,763,857,981,115,520,482,613,995,1000,1000,1000,973,999,1000,1000,1000,982,951,816,1000,998,999,1000,1000,895,996,1000,993,997,973,980,976,971,1000,1000,-,819,173,76,782,859,202,214,931,854,744,783,970,46,83,482,496,857,974,845,970,877,988,1000,831,958,940,919,765,984,979,982,973,973,870,895,1000,972,967,968,902,971,13,988,777
2024-04-20,2024-04-20T10:21:41,123.0.6312.122,863,920,934,782,1000,362,214,994,998,767,1000,980,188,750,1000,649,868,980,1000,999,981,1000,1000,974,986,995,1000,993,1000,997,999,1000,973,998,896,1000,991,985,995,990,998,996,1000,983,124.0.2478.51,870,920,934,999,1000,242,214,994,962,817,857,974,189,750,979,649,858,980,928,999,958,1000,1000,831,1000,995,999,949,989,997,995,973,973,964,896,1000,993,1000,998,952,996,972,988,987,125.0.1,902,173,76,986,864,997,1000,962,939,958,926,994,50,83,1000,1000,895,993,916,970,941,988,1000,1000,971,957,939,981,995,999,986,1000,1000,983,998,1000,1000,995,997,980,994,13,1000,805,17.4.1 (18618.1.15.111.8),871,357,874,919,943,960,1000,962,925,763,857,981,115,520,482,613,995,1000,1000,1000,973,999,1000,1000,1000,982,951,818,1000,998,999,1000,1000,895,996,1000,993,997,973,970,976,976,1000,1000,-,819,173,76,782,859,202,214,931,854,744,783,970,46,83,482,496,857,974,845,970,877,988,1000,831,958,940,919,767,984,997,982,973,973,870,895,1000,991,981,968,912,971,13,988,777
2024-04-21,2024-04-21T07:24:15,123.0.6312.122,863,895,934,782,1000,362,214,994,998,767,1000,974,188,750,1000,649,868,980,1000,999,981,1000,1000,974,986,995,1000,993,1000,997,999,1000,973,998,896,1000,993,992,996,990,998,996,1000,983,124.0.2478.51,870,920,934,999,1000,242,214,994,962,817,857,974,189,750,979,649,858,980,928,999,958,1000,1000,831,1000,995,999,951,989,997,995,973,973,964,896,1000,993,1000,997,952,996,995,988,987,125.0.1,901,173,76,986,864,997,1000,962,939,958,926,994,50,83,1000,1000,895,993,916,970,941,988,1000,1000,971,957,939,981,995,999,986,1000,1000,983,998,1000,1000,995,997,980,994,13,1000,805,17.4.1 (18618.1.15.111.8),871,357,874,919,943,960,1000,962,925,763,857,981,115,520,482,613,995,1000,1000,1000,973,999,1000,1000,1000,982,951,818,1000,998,999,1000,1000,895,996,1000,993,997,973,970,976,966,1000,1000,-,819,173,76,782,859,202,214,931,854,744,783,970,46,83,482,496,857,974,845,970,877,988,1000,831,958,940,919,769,984,997,982,973,973,870,895,1000,993,986,968,922,971,13,988,777
2024-04-22,2024-04-22T07:30:25,123.0.6312.122,863,895,934,782,1000,362,214,994,998,767,1000,980,188,750,1000,649,868,980,1000,999,981,1000,1000,974,986,995,1000,993,1000,997,999,1000,973,998,896,1000,993,987,997,990,998,996,1000,983,124.0.2478.51,870,920,934,999,1000,242,214,994,962,817,857,974,189,750,979,649,858,980,928,999,958,1000,1000,831,1000,990,999,951,989,997,995,973,973,964,896,1000,993,1000,997,952,996,987,988,987,125.0.1,902,173,76,986,864,997,1000,960,939,958,926,994,50,83,1000,1000,895,993,916,970,941,988,1000,1000,971,957,939,981,995,999,986,1000,1000,983,998,1000,1000,995,997,980,994,13,1000,805,17.4.1 (18618.1.15.111.8),871,357,874,919,943,960,1000,962,925,763,857,981,115,520,482,613,995,1000,1000,1000,973,999,1000,1000,1000,982,951,818,1000,998,999,1000,1000,895,996,1000,993,997,973,970,976,976,1000,1000,-,819,173,76,782,859,202,214,931,854,744,783,970,46,83,482,496,857,974,845,970,877,988,1000,831,958,935,919,769,984,997,982,973,973,870,895,1000,993,982,969,922,971,13,988,777
2024-04-22,2024-04-22T16:25:57,123.0.6312.122,863,895,934,782,1000,362,214,994,998,767,904,980,188,750,1000,649,868,980,1000,999,981,1000,1000,974,986,995,1000,993,1000,997,999,1000,973,998,896,1000,993,987,997,990,998,996,1000,983,124.0.2478.51,870,920,934,999,1000,242,214,994,962,817,809,974,189,750,979,649,858,980,928,999,958,1000,1000,831,1000,990,999,951,989,997,995,973,973,964,896,1000,993,1000,997,952,996,987,988,987,125.0.1,902,173,76,986,864,997,1000,960,939,958,738,994,50,83,1000,1000,895,993,916,970,941,988,1000,1000,971,957,939,981,995,999,986,1000,1000,983,998,1000,1000,995,997,980,994,13,1000,805,17.4.1 (18618.1.15.111.8),871,357,874,919,943,960,1000,962,925,763,498,981,115,520,482,613,995,1000,1000,1000,973,999,1000,1000,1000,982,951,818,1000,998,999,1000,1000,895,996,1000,993,997,973,970,976,976,1000,1000,-,819,173,76,782,859,202,214,931,854,744,412,970,46,83,482,496,857,974,845,970,877,988,1000,831,958,935,919,769,984,997,982,973,973,870,895,1000,993,982,969,922,971,13,988,777
2024-04-23,2024-04-23T10:22:37,124.0.6367.60,870,920,934,999,1000,362,214,994,998,817,904,974,189,750,1000,649,868,980,1000,999,981,1000,1000,974,986,995,1000,993,1000,997,995,1000,973,998,896,1000,993,985,997,990,998,996,1000,998,124.0.2478.51,870,920,934,999,1000,242,214,994,962,817,809,974,189,750,979,649,858,980,928,999,958,1000,1000,831,1000,995,999,949,989,997,995,973,973,964,896,1000,993,1000,997,952,996,987,988,987,125.0.2,902,173,76,986,864,997,1000,962,939,958,738,994,50,83,1000,1000,895,993,916,970,941,988,1000,1000,971,957,939,981,995,999,986,1000,1000,983,998,1000,1000,995,997,980,994,13,1000,805,17.4.1 (18618.1.15.111.8),871,357,874,919,943,960,1000,962,925,763,512,981,115,520,482,613,995,1000,1000,1000,973,999,1000,1000,1000,982,951,818,1000,998,999,1000,1000,895,996,1000,993,997,973,980,976,976,1000,1000,-,822,173,76,918,859,202,214,931,854,747,425,970,46,83,482,496,857,974,845,970,877,988,1000,831,958,941,919,767,984,997,978,973,973,870,895,1000,993,980,969,922,971,13,988,793
2024-04-24,2024-04-24T10:22:14,124.0.6367.78,870,895,934,999,1000,362,214,994,998,817,904,974,189,750,1000,649,868,980,1000,973,981,1000,1000,974,986,990,1000,993,1000,997,999,1000,973,998,896,1000,993,988,996,990,998,996,1000,998,124.0.2478.51,870,920,934,999,1000,242,214,994,962,817,809,974,189,750,979,649,858,980,928,999,958,1000,1000,831,1000,995,999,949,989,997,995,973,973,964,896,1000,993,1000,997,952,996,987,988,987,125.0.2,902,173,76,986,864,997,1000,962,939,958,738,994,50,83,1000,1000,895,993,916,970,941,988,1000,1000,971,957,939,981,995,999,986,1000,1000,983,998,1000,1000,995,997,980,994,13,1000,805,17.4.1 (18618.1.15.111.8),871,357,874,919,943,960,1000,962,925,763,498,981,115,520,482,613,995,1000,1000,1000,973,999,1000,1000,1000,982,951,818,1000,998,999,1000,1000,895,996,1000,993,997,973,970,976,971,1000,1000,-,822,173,76,918,859,202,214,931,854,747,412,970,46,83,482,496,857,974,845,943,877,988,1000,831,958,936,919,767,984,997,982,973,973,870,895,1000,993,984,968,922,971,13,988,793
